{"data":[{"authorityId":1,"name":"\u674e\u6797","orderNumber":1,"jbgz":"2000","jbf":"20","checked":0,"isMenu":0,"fk":"800","zgz":"1220","parentId":-1},{"authorityId":1,"name":"\u738b\u5c0f\u534e","orderNumber":1,"jbgz":"1986","jbf":"15","checked":0,"isMenu":0,"fk":"810","zgz":"1266","parentId":-1},{"authorityId":1,"name":"\u5f20\u5927\u9f99","orderNumber":1,"jbgz":"2047","jbf":"10","checked":0,"isMenu":0,"fk":"780","zgz":"1272","parentId":-1},{"authorityId":1,"name":"\u5218\u4e3d\u5a1f","orderNumber":1,"jbgz":"1954","jbf":"30","checked":0,"isMenu":0,"fk":"780","zgz":"1350","parentId":-1},{"authorityId":1,"name":"\u9648\u660e\u660e","orderNumber":1,"jbgz":"2065","jbf":"25","checked":0,"isMenu":0,"fk":"820","zgz":"1320","parentId":-1},{"authorityId":1,"name":"\u674e\u78ca","orderNumber":1,"jbgz":"2098","jbf":"18","checked":0,"isMenu":0,"fk":"850","zgz":"1366","parentId":-1},{"authorityId":1,"name":"\u8d75\u5c0f\u7ea2","orderNumber":1,"jbgz":"2023","jbf":"22","checked":0,"isMenu":0,"fk":"790","zgz":"1252","parentId":-1},{"authorityId":1,"name":"\u5b59\u5929\u660e","orderNumber":1,"jbgz":"1990","jbf":"17","checked":0,"isMenu":0,"fk":"840","zgz":"1352","parentId":-1},{"authorityId":1,"name":"\u5468\u4e3d\u82b3","orderNumber":1,"jbgz":"2035","jbf":"23","checked":0,"isMenu":0,"fk":"810","zgz":"1276","parentId":-1},{"authorityId":1,"name":"\u5434\u5c0f\u9f99","orderNumber":1,"jbgz":"1988","jbf":"12","checked":0,"isMenu":0,"fk":"830","zgz":"1228","parentId":-1},{"authorityId":1,"name":"\u5f90\u6653\u521a","orderNumber":1,"jbgz":"2015","jbf":"28","checked":0,"isMenu":0,"fk":"840","zgz":"1372","parentId":-1},{"authorityId":1,"name":"\u4e01\u79c0\u82f1","orderNumber":1,"jbgz":"2052","jbf":"13","checked":0,"isMenu":0,"fk":"800","zgz":"1260","parentId":-1},{"authorityId":1,"name":"\u6768\u5efa\u5e73","orderNumber":1,"jbgz":"1996","jbf":"20","checked":0,"isMenu":0,"fk":"860","zgz":"1320","parentId":-1},{"authorityId":1,"name":"\u6c6a\u5c0f\u971e","orderNumber":1,"jbgz":"2076","jbf":"16","checked":0,"isMenu":0,"fk":"780","zgz":"1336","parentId":-1},{"authorityId":1,"name":"\u7f57\u521a","orderNumber":1,"jbgz":"1958","jbf":"24","checked":0,"isMenu":0,"fk":"790","zgz":"1274","parentId":-1},{"authorityId":1,"name":"\u9ad8\u654f","orderNumber":1,"jbgz":"2007","jbf":"19","checked":0,"isMenu":0,"fk":"830","zgz":"1296","parentId":-1},{"name":"\u6731\u5c0f\u7ea2","jbgz":"2034","jbf":"14","fk":"810","zgz":"1274"}]}