{"data":[{"authorityId":1,"name":"\u674e\u6797","orderNumber":1,"dz":"\u534e\u5317\u79d1\u6280\u5b66\u9662","sfz":"460782364902876529","checked":0,"isMenu":0,"dh":"17098461502","bm":"\u751f\u4ea7\u90e8\u95e8","parentId":-1},{"authorityId":1,"name":"\u738b\u5c0f\u534e","orderNumber":1,"dz":"\u534e\u5317\u79d1\u6280\u5b66\u9662","sfz":"730491865209817436","checked":0,"isMenu":0,"dh":"11477462310","bm":"\u751f\u4ea7\u90e8\u95e8","parentId":-1},{"authorityId":1,"name":"\u5f20\u5927\u9f99","orderNumber":1,"dz":"\u534e\u5317\u79d1\u6280\u5b66\u9662","sfz":"529867340281573916","checked":0,"isMenu":0,"dh":"18936989832","bm":"\u751f\u4ea7\u90e8\u95e8","parentId":-1},{"authorityId":1,"name":"\u5218\u4e3d\u5a1f","orderNumber":1,"dz":"\u534e\u5317\u79d1\u6280\u5b66\u9662","sfz":"918470536205682971","checked":0,"isMenu":0,"dh":"12486249911","bm":"\u751f\u4ea7\u90e8\u95e8","parentId":-1},{"authorityId":1,"name":"\u9648\u660e\u660e","orderNumber":1,"dz":"\u534e\u5317\u79d1\u6280\u5b66\u9662","sfz":"326159804971245638","checked":0,"isMenu":0,"dh":"11836984679","bm":"\u751f\u4ea7\u90e8\u95e8","parentId":-1},{"authorityId":1,"name":"\u674e\u78ca","orderNumber":1,"dz":"\u534e\u5317\u79d1\u6280\u5b66\u9662","sfz":"810736254693027148","checked":0,"isMenu":0,"dh":"17754689755","bm":"\u751f\u4ea7\u90e8\u95e8","parentId":-1},{"authorityId":1,"name":"\u8d75\u5c0f\u7ea2","orderNumber":1,"dz":"\u534e\u5317\u79d1\u6280\u5b66\u9662","sfz":"590327461854690832","checked":0,"isMenu":0,"dh":"18641636661","bm":"\u751f\u4ea7\u90e8\u95e8","parentId":-1},{"authorityId":1,"name":"\u5b59\u5929\u660e","orderNumber":1,"dz":"\u534e\u5317\u79d1\u6280\u5b66\u9662","sfz":"638970245126397480","checked":0,"isMenu":0,"dh":"19229838488","bm":"\u751f\u4ea7\u90e8\u95e8","parentId":-1},{"authorityId":1,"name":"\u5468\u4e3d\u82b3","orderNumber":1,"dz":"\u534e\u5317\u79d1\u6280\u5b66\u9662","sfz":"209375416809742563","checked":0,"isMenu":0,"dh":"11546221667","bm":"\u751f\u4ea7\u90e8\u95e8","parentId":-1},{"authorityId":1,"name":"\u5434\u5c0f\u9f99","orderNumber":1,"dz":"\u534e\u5317\u79d1\u6280\u5b66\u9662","sfz":"782619034570903426","checked":0,"isMenu":0,"dh":"19773239534","bm":"\u751f\u4ea7\u90e8\u95e8","parentId":-1},{"authorityId":1,"name":"\u5f90\u6653\u521a","orderNumber":1,"dz":"\u534e\u5317\u79d1\u6280\u5b66\u9662","sfz":"497856301249683715","checked":0,"isMenu":0,"dh":"19775697233","bm":"\u751f\u4ea7\u90e8\u95e8","parentId":-1},{"authorityId":1,"name":"\u4e01\u79c0\u82f1","orderNumber":1,"dz":"\u534e\u5317\u79d1\u6280\u5b66\u9662","sfz":"681930745286013459","checked":0,"isMenu":0,"dh":"11672146422","bm":"\u751f\u4ea7\u90e8\u95e8","parentId":-1},{"authorityId":1,"name":"\u6768\u5efa\u5e73","orderNumber":1,"dz":"\u534e\u5317\u79d1\u6280\u5b66\u9662","sfz":"150679834269407825","checked":0,"isMenu":0,"dh":"19534237347","bm":"\u751f\u4ea7\u90e8\u95e8","parentId":-1},{"authorityId":1,"name":"\u6c6a\u5c0f\u971e","orderNumber":1,"dz":"\u534e\u5317\u79d1\u6280\u5b66\u9662","sfz":"492015683745962301","checked":0,"isMenu":0,"dh":"18145242148","bm":"\u751f\u4ea7\u90e8\u95e8","parentId":-1},{"authorityId":1,"name":"\u7f57\u521a","orderNumber":1,"dz":"\u534e\u5317\u79d1\u6280\u5b66\u9662","sfz":"685492037104692581","checked":0,"isMenu":0,"dh":"19449866782","bm":"\u751f\u4ea7\u90e8\u95e8","parentId":-1},{"authorityId":1,"name":"\u9ad8\u654f","orderNumber":1,"dz":"\u534e\u5317\u79d1\u6280\u5b66\u9662","sfz":"320914567839672401","checked":0,"isMenu":0,"dh":"19233668184","bm":"\u751f\u4ea7\u90e8\u95e8","parentId":-1},{"authorityId":1,"name":"\u6731\u5c0f\u7ea2","orderNumber":1,"dz":"\u534e\u5317\u79d1\u6280\u5b66\u9662","sfz":"560827193406829541","checked":0,"isMenu":0,"dh":"19764988120","bm":"\u5305\u88c5\u90e8\u95e8","parentId":-1},{"authorityId":1,"name":"\u66f9\u6492\u5b81","orderNumber":1,"dz":"\u534e\u5317\u79d1\u6280\u5b66\u9662","sfz":"830742691560394278","checked":0,"isMenu":0,"dh":"19682958339","bm":"\u5305\u88c5\u90e8\u95e8","parentId":-1},{"authorityId":1,"name":"\u738b\u5c0f\u5b9d","orderNumber":1,"dz":"\u534e\u5317\u79d1\u6280\u5b66\u9662","sfz":"274095836160349572","checked":0,"isMenu":0,"dh":"18465651624","bm":"\u5305\u88c5\u90e8\u95e8","parentId":-1},{"authorityId":1,"name":"\u5f20\u6653\u4e3d","orderNumber":1,"dz":"\u534e\u5317\u79d1\u6280\u5b66\u9662","sfz":"930165487256309742","checked":0,"isMenu":0,"dh":"19295697170","bm":"\u5305\u88c5\u90e8\u95e8","parentId":-1},{"authorityId":1,"name":"\u5218\u5927\u52c7","orderNumber":1,"dz":"\u534e\u5317\u79d1\u6280\u5b66\u9662","sfz":"570618493209487652","checked":0,"isMenu":0,"dh":"19467964820","bm":"\u5305\u88c5\u90e8\u95e8","parentId":-1},{"authorityId":1,"name":"\u9648\u79c0\u82f1","orderNumber":1,"dz":"\u534e\u5317\u79d1\u6280\u5b66\u9662","sfz":"280751634506192843","checked":0,"isMenu":0,"dh":"19320959389","bm":"\u5305\u88c5\u90e8\u95e8","parentId":-1},{"authorityId":1,"name":"\u674e\u5efa\u534e","orderNumber":1,"dz":"\u534e\u5317\u79d1\u6280\u5b66\u9662","sfz":"410762983593076124","checked":0,"isMenu":0,"dh":"11345691244","bm":"\u5305\u88c5\u90e8\u95e8","parentId":-1},{"authorityId":1,"name":"\u8d75\u5c0f\u7ea2","orderNumber":1,"dz":"\u534e\u5317\u79d1\u6280\u5b66\u9662","sfz":"834609725396801427","checked":0,"isMenu":0,"dh":"19645338890","bm":"\u5305\u88c5\u90e8\u95e8","parentId":-1},{"authorityId":1,"name":"\u5b59\u5fd7\u5f3a","orderNumber":1,"dz":"\u534e\u5317\u79d1\u6280\u5b66\u9662","sfz":"374098561290573648","checked":0,"isMenu":0,"dh":"11431546755","bm":"\u5305\u88c5\u90e8\u95e8","parentId":-1},{"authorityId":1,"name":"\u5468\u4e3d\u534e","orderNumber":1,"dz":"\u534e\u5317\u79d1\u6280\u5b66\u9662","sfz":"102495367580936421","checked":0,"isMenu":0,"dh":"11847593133","bm":"\u5305\u88c5\u90e8\u95e8","parentId":-1},{"authorityId":1,"name":"\u5434\u5c0f\u98de","orderNumber":1,"dz":"\u534e\u5317\u79d1\u6280\u5b66\u9662","sfz":"176349052683129874","checked":0,"isMenu":0,"dh":"18149123980","bm":"\u5305\u88c5\u90e8\u95e8","parentId":-1},{"authorityId":1,"name":"\u5f90\u96ea\u5cf0","orderNumber":1,"dz":"\u534e\u5317\u79d1\u6280\u5b66\u9662","sfz":"380459276913674825","checked":0,"isMenu":0,"dh":"19125127633","bm":"\u5305\u88c5\u90e8\u95e8","parentId":-1},{"authorityId":1,"name":"\u4e01\u7389\u5170","orderNumber":1,"dz":"\u534e\u5317\u79d1\u6280\u5b66\u9662","sfz":"650391827416829703","checked":0,"isMenu":0,"dh":"19837436477","bm":"\u5305\u88c5\u90e8\u95e8","parentId":-1},{"authorityId":1,"name":"\u6768\u6625\u96f7","orderNumber":1,"dz":"\u534e\u5317\u79d1\u6280\u5b66\u9662","sfz":"810549623730496182","checked":0,"isMenu":0,"dh":"11653456671","bm":"\u5305\u88c5\u90e8\u95e8","parentId":-1},{"authorityId":1,"name":"\u66f9\u4f9d\u4f9d","orderNumber":1,"dz":"\u534e\u5317\u79d1\u6280\u5b66\u9662","sfz":"294385601762319870","checked":0,"isMenu":0,"dh":"11862148878","bm":"\u5305\u88c5\u90e8\u95e8","parentId":-1},{"authorityId":1,"name":"\u6731\u4e3d\u4e3d","orderNumber":1,"dz":"\u534e\u5317\u79d1\u6280\u5b66\u9662","sfz":"540382179063947621","checked":0,"isMenu":0,"dh":"18985233198","bm":"\u5305\u88c5\u90e8\u95e8","parentId":-1},{"authorityId":1,"name":"\u738b\u98de","orderNumber":1,"dz":"\u534e\u5317\u79d1\u6280\u5b66\u9662","sfz":"364901275812963540","checked":0,"isMenu":0,"dh":"11944515533","bm":"\u7ec4\u88c5\u90e8\u95e8","parentId":-1},{"authorityId":1,"name":"\u5f20\u6d69\u5b87","orderNumber":1,"dz":"\u534e\u5317\u79d1\u6280\u5b66\u9662","sfz":"920153476839674205","checked":0,"isMenu":0,"dh":"19499562571","bm":"\u7ec4\u88c5\u90e8\u95e8","parentId":-1},{"authorityId":1,"name":"\u5218\u6d0b","orderNumber":1,"dz":"\u534e\u5317\u79d1\u6280\u5b66\u9662","sfz":"106389457231902548","checked":0,"isMenu":0,"dh":"11894888199","bm":"\u7ec4\u88c5\u90e8\u95e8","parentId":-1},{"authorityId":1,"name":"\u9648\u6668","orderNumber":1,"dz":"\u534e\u5317\u79d1\u6280\u5b66\u9662","sfz":"573926148701439685","checked":0,"isMenu":0,"dh":"19914974221","bm":"\u7ec4\u88c5\u90e8\u95e8","parentId":-1},{"authorityId":1,"name":"\u674e\u5a77\u5a77","orderNumber":1,"dz":"\u534e\u5317\u79d1\u6280\u5b66\u9662","sfz":"283671495093416278","checked":0,"isMenu":0,"dh":"11874488585","bm":"\u7ec4\u88c5\u90e8\u95e8","parentId":-1},{"authorityId":1,"name":"\u8d75\u78ca","orderNumber":1,"dz":"\u534e\u5317\u79d1\u6280\u5b66\u9662","sfz":"580926431407912653","checked":0,"isMenu":0,"dh":"19766118455","bm":"\u7ec4\u88c5\u90e8\u95e8","parentId":-1},{"authorityId":1,"name":"\u5b59\u6653","orderNumber":1,"dz":"\u534e\u5317\u79d1\u6280\u5b66\u9662","sfz":"390217856296348710","checked":0,"isMenu":0,"dh":"11777481633","bm":"\u7ec4\u88c5\u90e8\u95e8","parentId":-1},{"authorityId":1,"name":"\u5468\u5efa\u534e","orderNumber":1,"dz":"\u534e\u5317\u79d1\u6280\u5b66\u9662","sfz":"680519472365802934","checked":0,"isMenu":0,"dh":"18741123887","bm":"\u7ec4\u88c5\u90e8\u95e8","parentId":-1},{"authorityId":1,"name":"\u5434\u96ea","orderNumber":1,"dz":"\u534e\u5317\u79d1\u6280\u5b66\u9662","sfz":"432690157084139526","checked":0,"isMenu":0,"dh":"18330943460","bm":"\u7ec4\u88c5\u90e8\u95e8","parentId":-1},{"authorityId":1,"name":"\u5f90\u9e4f","orderNumber":1,"dz":"\u534e\u5317\u79d1\u6280\u5b66\u9662","sfz":"310245786023954617","checked":0,"isMenu":0,"dh":"19633238180","bm":"\u7ec4\u88c5\u90e8\u95e8","parentId":-1},{"authorityId":1,"name":"\u4e01\u7433","orderNumber":1,"dz":"\u534e\u5317\u79d1\u6280\u5b66\u9662","sfz":"652310798456329174","checked":0,"isMenu":0,"dh":"18366478101","bm":"\u7ec4\u88c5\u90e8\u95e8","parentId":-1},{"authorityId":1,"name":"\u6768\u9633","orderNumber":1,"dz":"\u534e\u5317\u79d1\u6280\u5b66\u9662","sfz":"190432756851697243","checked":0,"isMenu":0,"dh":"11668997899","bm":"\u7ec4\u88c5\u90e8\u95e8","parentId":-1},{"authorityId":1,"name":"\u6c6a\u6668","orderNumber":1,"dz":"\u534e\u5317\u79d1\u6280\u5b66\u9662","sfz":"325840917760419852","checked":0,"isMenu":0,"dh":"18573483467","bm":"\u7ec4\u88c5\u90e8\u95e8","parentId":-1},{"authorityId":1,"name":"\u7f57\u5a77","orderNumber":1,"dz":"\u534e\u5317\u79d1\u6280\u5b66\u9662","sfz":"984510327672158349","checked":0,"isMenu":0,"dh":"18973384871","bm":"\u7ec4\u88c5\u90e8\u95e8","parentId":-1},{"authorityId":1,"name":"\u9ad8\u660e","orderNumber":1,"dz":"\u534e\u5317\u79d1\u6280\u5b66\u9662","sfz":"560328197984710623","checked":0,"isMenu":0,"dh":"18387399916","bm":"\u7ec4\u88c5\u90e8\u95e8","parentId":-1},{"authorityId":1,"name":"\u9ad8\u7fd4","orderNumber":1,"dz":"\u534e\u5317\u79d1\u6280\u5b66\u9662","sfz":"560328197984710923","checked":0,"isMenu":0,"dh":"19391988335","bm":"\u7ec4\u88c5\u90e8\u95e8","parentId":-1},{"authorityId":1,"orderNumber":1,"checked":0,"isMenu":0,"parentId":-1,"name":"\u90d1\u4f1f\u6797","dz":"\u534e\u5317\u79d1\u6280\u5b66\u9662","sfz":"366543788987652432","dh":"36573546573","bm":"\u7ec4\u88c5\u90e8\u95e8"},{"authorityId":1,"orderNumber":1,"checked":0,"isMenu":0,"parentId":-1,"name":"\u674e\u8096\u7ea2","dz":"\u534e\u5317\u79d1\u6280\u5b66\u9662","sfz":"366574388756352543","dh":"13737658649","bm":"\u751f\u4ea7\u90e8\u95e8"},{"authorityId":1,"orderNumber":1,"checked":0,"isMenu":0,"parentId":-1,"name":"\u674e\u9e4f\u7fd4","dz":"\u534e\u5317\u79d1\u6280\u5b66\u9662","sfz":"366546388765435342","dh":"16446336758","bm":"\u7ec4\u88c5\u90e8\u95e8"}]}