{"data":[{"authorityId":1,"name":"\u66f9\u4f9d\u4f9d","orderNumber":1,"jbgz":"2050","jbf":"20","checked":0,"isMenu":0,"fk":"820","zgz":"1232","parentId":-1},{"authorityId":1,"name":"\u6731\u4e3d\u4e3d","orderNumber":1,"jbgz":"2054","jbf":"18","checked":0,"isMenu":0,"fk":"859","zgz":"1335","parentId":-1},{"authorityId":1,"name":"\u738b\u98de","orderNumber":1,"jbgz":"2001","jbf":"24","checked":0,"isMenu":0,"fk":"1015","zgz":"1216","parentId":-1},{"authorityId":1,"name":"\u5f20\u6d69\u5b87","orderNumber":1,"jbgz":"2102","jbf":"9","checked":0,"isMenu":0,"fk":"781","zgz":"1191","parentId":-1},{"authorityId":1,"name":"\u5218\u6d0b","orderNumber":1,"jbgz":"2098","jbf":"13","checked":0,"isMenu":0,"fk":"683","zgz":"1178","parentId":-1},{"authorityId":1,"name":"\u9648\u6668","orderNumber":1,"jbgz":"1967","jbf":"28","checked":0,"isMenu":0,"fk":"976","zgz":"1572","parentId":-1},{"authorityId":1,"name":"\u674e\u5a77\u5a77","orderNumber":1,"jbgz":"2200","jbf":"6","checked":0,"isMenu":0,"fk":"812","zgz":"1308","parentId":-1},{"authorityId":1,"name":"\u8d75\u78ca","orderNumber":1,"jbgz":"1913","jbf":"33","checked":0,"isMenu":0,"fk":"752","zgz":"1305","parentId":-1},{"authorityId":1,"name":"\u5b59\u6653","orderNumber":1,"jbgz":"2032","jbf":"16","checked":0,"isMenu":0,"fk":"901","zgz":"1349","parentId":-1},{"authorityId":1,"name":"\u5468\u5efa\u534e","orderNumber":1,"jbgz":"2305","jbf":"3","checked":0,"isMenu":0,"fk":"803","zgz":"1181","parentId":-1},{"authorityId":1,"name":"\u5434\u96ea","orderNumber":1,"jbgz":"2087","jbf":"21","checked":0,"isMenu":0,"fk":"897","zgz":"1380","parentId":-1},{"authorityId":1,"name":"\u5f90\u9e4f","orderNumber":1,"jbgz":"2156","jbf":"11","checked":0,"isMenu":0,"fk":"938","zgz":"1385","parentId":-1},{"authorityId":1,"name":"\u4e01\u7433","orderNumber":1,"jbgz":"1976","jbf":"27","checked":0,"isMenu":0,"fk":"697","zgz":"1230","parentId":-1},{"authorityId":1,"name":"\u6768\u9633","orderNumber":1,"jbgz":"2021","jbf":"19","checked":0,"isMenu":0,"fk":"830","zgz":"1469","parentId":-1},{"authorityId":1,"name":"\u6c6a\u6668","orderNumber":1,"jbgz":"2254","jbf":"4","checked":0,"isMenu":0,"fk":"867","zgz":"1221","parentId":-1},{"authorityId":1,"name":"\u7f57\u5a77","orderNumber":1,"jbgz":"1909","jbf":"35","checked":0,"isMenu":0,"fk":"614","zgz":"1133","parentId":-1},{"name":"\u9ad8\u660e","jbgz":"2137","jbf":"14","fk":"789","zgz":"1395"}]}