{"data":[{"authorityId":1,"name":"\u66f9\u6492\u5b81","orderNumber":1,"jbgz":"2050","jbf":"20","checked":0,"isMenu":0,"fk":"820","zgz":"1232","parentId":-1},{"authorityId":1,"name":"\u738b\u5c0f\u5b9d","orderNumber":1,"jbgz":"2013","jbf":"29","checked":0,"isMenu":0,"fk":"827","zgz":"1292","parentId":-1},{"authorityId":1,"name":"\u5f20\u6653\u4e3d","orderNumber":1,"jbgz":"2047","jbf":"23","checked":0,"isMenu":0,"fk":"815","zgz":"1288","parentId":-1},{"authorityId":1,"name":"\u5218\u5927\u52c7","orderNumber":1,"jbgz":"1998","jbf":"15","checked":0,"isMenu":0,"fk":"835","zgz":"1302","parentId":-1},{"authorityId":1,"name":"\u9648\u79c0\u82f1","orderNumber":1,"jbgz":"2076","jbf":"17","checked":0,"isMenu":0,"fk":"805","zgz":"1292","parentId":-1},{"authorityId":1,"name":"\u674e\u5efa\u534e","orderNumber":1,"jbgz":"2021","jbf":"24","checked":0,"isMenu":0,"fk":"811","zgz":"1295","parentId":-1},{"authorityId":1,"name":"\u8d75\u5c0f\u7ea2","orderNumber":1,"jbgz":"1985","jbf":"19","checked":0,"isMenu":0,"fk":"825","zgz":"1275","parentId":-1},{"authorityId":1,"name":"\u5b59\u5fd7\u5f3a","orderNumber":1,"jbgz":"2058","jbf":"21","checked":0,"isMenu":0,"fk":"810","zgz":"1272","parentId":-1},{"authorityId":1,"name":"\u5468\u4e3d\u534e","orderNumber":1,"jbgz":"1934","jbf":"32","checked":0,"isMenu":0,"fk":"810","zgz":"1352","parentId":-1},{"authorityId":1,"name":"\u5434\u5c0f\u98de","orderNumber":1,"jbgz":"2067","jbf":"14","checked":0,"isMenu":0,"fk":"837","zgz":"1302","parentId":-1},{"authorityId":1,"name":"\u5f90\u96ea\u5cf0","orderNumber":1,"jbgz":"1999","jbf":"26","checked":0,"isMenu":0,"fk":"825","zgz":"1287","parentId":-1},{"authorityId":1,"name":"\u4e01\u7389\u5170","orderNumber":1,"jbgz":"2100","jbf":"12","checked":0,"isMenu":0,"fk":"830","zgz":"1264","parentId":-1},{"authorityId":1,"name":"\u6768\u6625\u96f7","orderNumber":1,"jbgz":"1976","jbf":"18","checked":0,"isMenu":0,"fk":"810","zgz":"1264","parentId":-1},{"authorityId":1,"name":"","orderNumber":1,"jbgz":"","jbf":"","checked":0,"isMenu":0,"fk":"","zgz":"","parentId":-1},{"authorityId":1,"name":"","orderNumber":1,"jbgz":"","jbf":"","checked":0,"isMenu":0,"fk":"","zgz":"","parentId":-1},{"authorityId":1,"name":"","orderNumber":1,"jbgz":"","jbf":"","checked":0,"isMenu":0,"fk":"","zgz":"","parentId":-1}]}